<?xml version="1.0" encoding="UTF-8" standalone="yes"?>
<addon id="repository.ouroboros" name="Ouroboros Repository" version="0.0.1" provider-name="TheBeautifulMonkey">
	<extension point="xbmc.addon.repository" name="Ouroboros Repository">
	<dir>
	  <info compressed="false">http://teamuniversal.xyz/modules4all/addons.xml</info>
	  <checksum>http://teamuniversal.xyz/modules4all/addons.xml.md5</checksum>
	  <datadir zip="true">http://teamuniversal.xyz/modules4all/</datadir>
	 </dir>
		<info compressed="false">https://raw.githubusercontent.com/TheBeautifulMonkey/repository.ouroboros/master/zips/addons.xml</info>
		<checksum>https://raw.githubusercontent.com/TheBeautifulMonkey/repository.ouroboros/master/zips/addons.xml.md5</checksum>
		<datadir zip="true">https://raw.githubusercontent.com/TheBeautifulMonkey/repository.ouroboros/master/zips/</datadir>
	</extension>
	<extension point="xbmc.addon.metadata">
		<summary lang="en">ouroboros</summary>
		<description lang="en">ouroboros</description>
		<genre></genre>
	</extension>
</addon>